{
  "Hybrid (Vector + Keyword)": {
    "scores": {
      "concept_coverage": 26.0,
      "grade_match": 14.0,
      "retrieval_quality": 11.844969269753339,
      "level_appropriateness": 10.0,
      "total": 61.84496926975335
    },
    "avg_time": 0.8507333755493164,
    "num_queries": 10
  },
  "Hierarchical (Multi-level)": {
    "scores": {
      "concept_coverage": 28.26666666666667,
      "grade_match": 12.0,
      "retrieval_quality": 14.426858337014568,
      "level_appropriateness": 12.8,
      "total": 67.49352500368123
    },
    "avg_time": 0.7304286956787109,
    "num_queries": 10
  },
  "Adaptive (Auto-select)": {
    "scores": {
      "concept_coverage": 26.0,
      "grade_match": 14.0,
      "retrieval_quality": 11.844969269753339,
      "level_appropriateness": 10.0,
      "total": 61.84496926975335
    },
    "avg_time": 0.37173190116882326,
    "num_queries": 10
  },
  "Vector Only": {
    "scores": {
      "concept_coverage": 25.0,
      "grade_match": 14.0,
      "retrieval_quality": 15.656980456287139,
      "level_appropriateness": 10.0,
      "total": 64.65698045628714
    },
    "avg_time": 0.23610460758209229,
    "num_queries": 10
  }
}